{"cameraMode":{"drawMode":0,"name":"Shaded","section":"Shading Mode"},"sceneLighting":true,"audioPlay":false,"sceneViewState":{"showFog":false,"showMaterialUpdate":false,"showSkybox":false,"showFlares":false,"showImageEffects":false,"showParticleSystems":false},"in2DMode":false,"pivot":{"x":-14.433891296386719,"y":1.3264729976654053,"z":-3.8522138595581056},"rotation":{"x":0.0355326384305954,"y":-0.16214494407176972,"z":-0.005781905259937048,"w":-0.9863918423652649},"size":13.700836181640625,"orthographic":false}