{"cameraMode":{"drawMode":0,"name":"Shaded","section":"Shading Mode"},"sceneLighting":true,"audioPlay":false,"sceneViewState":{"showFog":false,"showMaterialUpdate":false,"showSkybox":false,"showFlares":false,"showImageEffects":false,"showParticleSystems":false},"in2DMode":false,"pivot":{"x":-20.279884338378908,"y":-0.16584038734436036,"z":-12.614431381225586},"rotation":{"x":-0.10878004878759384,"y":0.24694159626960755,"z":-0.027840012684464456,"w":-0.9626959562301636},"size":3.888993740081787,"orthographic":false}