{"cameraMode":{"drawMode":0,"name":"Shaded","section":"Shading Mode"},"sceneLighting":true,"audioPlay":false,"sceneViewState":{"showFog":false,"showMaterialUpdate":false,"showSkybox":false,"showFlares":false,"showImageEffects":false,"showParticleSystems":false},"in2DMode":false,"pivot":{"x":-3.686335563659668,"y":1.865657091140747,"z":-3.0901753902435304},"rotation":{"x":0.2514902353286743,"y":0.25749021768569949,"z":-0.06960199773311615,"w":0.9303802847862244},"size":13.928369522094727,"orthographic":false}