{"cameraMode":{"drawMode":0,"name":"Shaded","section":"Shading Mode"},"sceneLighting":true,"audioPlay":false,"sceneViewState":{"showFog":false,"showMaterialUpdate":false,"showSkybox":false,"showFlares":false,"showImageEffects":false,"showParticleSystems":false},"in2DMode":false,"pivot":{"x":-7.274576187133789,"y":-3.7240817546844484,"z":-4.309846878051758},"rotation":{"x":-0.14868183434009553,"y":-0.2569282054901123,"z":0.03993247449398041,"w":-0.9545027613639832},"size":25.34648895263672,"orthographic":false}