{"cameraMode":{"drawMode":0,"name":"Shaded","section":"Shading Mode"},"sceneLighting":true,"audioPlay":false,"sceneViewState":{"showFog":false,"showMaterialUpdate":false,"showSkybox":false,"showFlares":false,"showImageEffects":false,"showParticleSystems":false},"in2DMode":false,"pivot":{"x":-10.446866035461426,"y":5.367021560668945,"z":-10.917171478271485},"rotation":{"x":-0.08589155972003937,"y":-0.5697280764579773,"z":0.060090042650699618,"w":-0.8153037428855896},"size":40.386497497558597,"orthographic":false}