{"cameraMode":{"drawMode":0,"name":"Shaded","section":"Shading Mode"},"sceneLighting":true,"audioPlay":false,"sceneViewState":{"showFog":false,"showMaterialUpdate":false,"showSkybox":false,"showFlares":false,"showImageEffects":false,"showParticleSystems":false},"in2DMode":false,"pivot":{"x":-12.11750602722168,"y":0.13202768564224244,"z":-21.33148193359375},"rotation":{"x":0.004674388561397791,"y":0.9838776588439941,"z":-0.023553987964987756,"w":0.17937155067920686},"size":15.21264362335205,"orthographic":false}