{"cameraMode":{"drawMode":0,"name":"Shaded","section":"Shading Mode"},"sceneLighting":true,"audioPlay":false,"sceneViewState":{"showFog":false,"showMaterialUpdate":false,"showSkybox":false,"showFlares":false,"showImageEffects":false,"showParticleSystems":false},"in2DMode":false,"pivot":{"x":-17.893409729003908,"y":-0.9137232899665833,"z":-1.850275993347168},"rotation":{"x":-0.055480726063251498,"y":-0.030876079574227334,"z":0.001276082475669682,"w":-0.9983207583427429},"size":14.780786514282227,"orthographic":false}