{"cameraMode":{"drawMode":0,"name":"Shaded","section":"Shading Mode"},"sceneLighting":true,"audioPlay":false,"sceneViewState":{"showFog":false,"showMaterialUpdate":false,"showSkybox":false,"showFlares":false,"showImageEffects":false,"showParticleSystems":false},"in2DMode":false,"pivot":{"x":-19.18965721130371,"y":0.48919016122817995,"z":-14.374723434448243},"rotation":{"x":-0.18712902069091798,"y":0.2551566958427429,"z":-0.050420936197042468,"w":-0.9474642872810364},"size":1.4889941215515137,"orthographic":false}