{"cameraMode":{"drawMode":0,"name":"Shaded","section":"Shading Mode"},"sceneLighting":true,"audioPlay":false,"sceneViewState":{"showFog":false,"showMaterialUpdate":false,"showSkybox":false,"showFlares":false,"showImageEffects":false,"showParticleSystems":false},"in2DMode":false,"pivot":{"x":24.598814010620118,"y":-8.983757972717286,"z":26.772497177124025},"rotation":{"x":-0.0896618515253067,"y":-0.3515476882457733,"z":0.033933136612176898,"w":-0.9313994646072388},"size":76.54096984863281,"orthographic":false}