{"cameraMode":{"drawMode":0,"name":"Shaded","section":"Shading Mode"},"sceneLighting":true,"audioPlay":false,"sceneViewState":{"showFog":false,"showMaterialUpdate":false,"showSkybox":false,"showFlares":false,"showImageEffects":false,"showParticleSystems":false},"in2DMode":false,"pivot":{"x":-40.032554626464847,"y":19.892364501953126,"z":-18.980712890625},"rotation":{"x":-0.15695598721504212,"y":-0.3629516065120697,"z":0.06200665980577469,"w":-0.9168277382850647},"size":25.34648895263672,"orthographic":false}