{"cameraMode":{"drawMode":0,"name":"Shaded","section":"Shading Mode"},"sceneLighting":true,"audioPlay":false,"sceneViewState":{"showFog":false,"showMaterialUpdate":false,"showSkybox":false,"showFlares":false,"showImageEffects":false,"showParticleSystems":false},"in2DMode":false,"pivot":{"x":-28.639442443847658,"y":-0.8256573677062988,"z":-7.955452919006348},"rotation":{"x":-0.048067279160022739,"y":0.5305787324905396,"z":-0.030623285099864007,"w":-0.8461195230484009},"size":14.780786514282227,"orthographic":false}