{"cameraMode":{"drawMode":0,"name":"Shaded","section":"Shading Mode"},"sceneLighting":true,"audioPlay":false,"sceneViewState":{"showFog":false,"showMaterialUpdate":false,"showSkybox":false,"showFlares":false,"showImageEffects":false,"showParticleSystems":false},"in2DMode":false,"pivot":{"x":-22.413467407226564,"y":7.042233467102051,"z":-27.14093780517578},"rotation":{"x":-0.12435802817344666,"y":-0.352825403213501,"z":0.04753884673118591,"w":-0.9263956546783447},"size":3.888993740081787,"orthographic":false}