{"cameraMode":{"drawMode":0,"name":"Shaded","section":"Shading Mode"},"sceneLighting":true,"audioPlay":false,"sceneViewState":{"showFog":false,"showMaterialUpdate":false,"showSkybox":false,"showFlares":false,"showImageEffects":false,"showParticleSystems":false},"in2DMode":false,"pivot":{"x":-6.68509578704834,"y":0.9946942329406738,"z":-2.9795053005218508},"rotation":{"x":-0.014261305332183838,"y":0.8489668965339661,"z":-0.02292255498468876,"w":-0.5277790427207947},"size":13.815892219543457,"orthographic":false}