{"cameraMode":{"drawMode":0,"name":"Shaded","section":"Shading Mode"},"sceneLighting":true,"audioPlay":false,"sceneViewState":{"showFog":false,"showMaterialUpdate":false,"showSkybox":false,"showFlares":false,"showImageEffects":false,"showParticleSystems":false},"in2DMode":false,"pivot":{"x":-17.790685653686525,"y":-0.3529822528362274,"z":-11.08779525756836},"rotation":{"x":-0.15787295997142793,"y":-0.5222904682159424,"z":0.0991630107164383,"w":-0.8323184847831726},"size":40.386497497558597,"orthographic":false}