{"cameraMode":{"drawMode":0,"name":"Shaded","section":"Shading Mode"},"sceneLighting":true,"audioPlay":false,"sceneViewState":{"showFog":false,"showMaterialUpdate":false,"showSkybox":false,"showFlares":false,"showImageEffects":false,"showParticleSystems":false},"in2DMode":false,"pivot":{"x":-16.714797973632814,"y":3.078782320022583,"z":-20.709800720214845},"rotation":{"x":-0.07550466805696488,"y":-0.36046794056892397,"z":0.02915859967470169,"w":-0.929589033126831},"size":13.700836181640625,"orthographic":false}