{"cameraMode":{"drawMode":0,"name":"Shaded","section":"Shading Mode"},"sceneLighting":true,"audioPlay":false,"sceneViewState":{"showFog":false,"showMaterialUpdate":false,"showSkybox":false,"showFlares":false,"showImageEffects":false,"showParticleSystems":false},"in2DMode":false,"pivot":{"x":-23.461406707763673,"y":3.630070686340332,"z":-27.20197105407715},"rotation":{"x":-0.06690951436758042,"y":-0.364842027425766,"z":0.02647191472351551,"w":-0.9285076856613159},"size":3.888993740081787,"orthographic":false}