{"cameraMode":{"drawMode":0,"name":"Shaded","section":"Shading Mode"},"sceneLighting":true,"audioPlay":false,"sceneViewState":{"showFog":false,"showMaterialUpdate":false,"showSkybox":false,"showFlares":false,"showImageEffects":false,"showParticleSystems":false},"in2DMode":false,"pivot":{"x":-18.848735809326173,"y":0.4229999780654907,"z":-13.930418014526368},"rotation":{"x":-0.0896618515253067,"y":-0.3515476882457733,"z":0.033933136612176898,"w":-0.9313994646072388},"size":20.88262176513672,"orthographic":false}