{"cameraMode":{"drawMode":0,"name":"Shaded","section":"Shading Mode"},"sceneLighting":true,"audioPlay":false,"sceneViewState":{"showFog":false,"showMaterialUpdate":false,"showSkybox":false,"showFlares":false,"showImageEffects":false,"showParticleSystems":false},"in2DMode":false,"pivot":{"x":-9.920955657958985,"y":-0.07850000262260437,"z":-6.737611293792725},"rotation":{"x":-0.14689607918262483,"y":-0.2272413671016693,"z":0.0347270704805851,"w":-0.962222695350647},"size":40.386497497558597,"orthographic":false}