{"cameraMode":{"drawMode":0,"name":"Shaded","section":"Shading Mode"},"sceneLighting":true,"audioPlay":false,"sceneViewState":{"showFog":true,"showMaterialUpdate":false,"showSkybox":true,"showFlares":true,"showImageEffects":true,"showParticleSystems":true},"in2DMode":false,"pivot":{"x":101.4732666015625,"y":65.01799011230469,"z":595.4990844726563},"rotation":{"x":0.027862347662448884,"y":-0.9436678290367127,"z":0.08230653405189514,"w":0.31943821907043459},"size":137.23977661132813,"orthographic":false}