{"cameraMode":{"drawMode":0,"name":"Shaded","section":"Shading Mode"},"sceneLighting":true,"audioPlay":false,"sceneViewState":{"showFog":true,"showMaterialUpdate":false,"showSkybox":true,"showFlares":true,"showImageEffects":true,"showParticleSystems":true},"in2DMode":false,"pivot":{"x":24.35468292236328,"y":55.03446960449219,"z":313.79150390625},"rotation":{"x":-0.020343396812677385,"y":0.9242762923240662,"z":-0.06300626695156098,"w":-0.37845346331596377},"size":4.682790756225586,"orthographic":false}