{"cameraMode":{"drawMode":0,"name":"Shaded","section":"Shading Mode"},"sceneLighting":true,"audioPlay":false,"sceneViewState":{"showFog":true,"showMaterialUpdate":false,"showSkybox":true,"showFlares":true,"showImageEffects":true,"showParticleSystems":true},"in2DMode":false,"pivot":{"x":-13.546144485473633,"y":-0.48942017555236819,"z":-8.643852233886719},"rotation":{"x":0.05877489969134331,"y":-0.010150513611733914,"z":0.000646311673335731,"w":0.998292088508606},"size":15.732263565063477,"orthographic":false}