{"cameraMode":{"drawMode":0,"name":"Shaded","section":"Shading Mode"},"sceneLighting":true,"audioPlay":false,"sceneViewState":{"showFog":true,"showMaterialUpdate":false,"showSkybox":true,"showFlares":true,"showImageEffects":true,"showParticleSystems":true},"in2DMode":false,"pivot":{"x":201.31173706054688,"y":3.628636598587036,"z":109.54844665527344},"rotation":{"x":0.0023330047260969879,"y":0.9941415190696716,"z":-0.11395155638456345,"w":-0.0242448840290308},"size":4.682790756225586,"orthographic":false}