{"cameraMode":{"drawMode":0,"name":"Shaded","section":"Shading Mode"},"sceneLighting":true,"audioPlay":false,"sceneViewState":{"showFog":true,"showMaterialUpdate":false,"showSkybox":true,"showFlares":true,"showImageEffects":true,"showParticleSystems":true},"in2DMode":false,"pivot":{"x":-238.31863403320313,"y":100.39910125732422,"z":-358.0503234863281},"rotation":{"x":-0.04349375516176224,"y":-0.12556633353233338,"z":0.005160478875041008,"w":-0.991430938243866},"size":23.7341251373291,"orthographic":false}