{"cameraMode":{"drawMode":0,"name":"Shaded","section":"Shading Mode"},"sceneLighting":true,"audioPlay":false,"sceneViewState":{"showFog":true,"showMaterialUpdate":false,"showSkybox":true,"showFlares":true,"showImageEffects":true,"showParticleSystems":true},"in2DMode":false,"pivot":{"x":234.02023315429688,"y":21.69813346862793,"z":612.0756225585938},"rotation":{"x":-0.027986904606223108,"y":0.787823498249054,"z":-0.05202765390276909,"w":-0.6149459481239319},"size":28.351016998291017,"orthographic":false}