{"cameraMode":{"drawMode":0,"name":"Shaded","section":"Shading Mode"},"sceneLighting":true,"audioPlay":false,"sceneViewState":{"showFog":true,"showMaterialUpdate":false,"showSkybox":true,"showFlares":true,"showImageEffects":true,"showParticleSystems":true},"in2DMode":false,"pivot":{"x":-35.53316116333008,"y":9.559873580932618,"z":-4.523743629455566},"rotation":{"x":0.08296705037355423,"y":0.6376913785934448,"z":-0.06930183619260788,"w":0.7627520561218262},"size":15.732263565063477,"orthographic":false}