{"cameraMode":{"drawMode":0,"name":"Shaded","section":"Shading Mode"},"sceneLighting":false,"audioPlay":false,"sceneViewState":{"showFog":true,"showMaterialUpdate":false,"showSkybox":false,"showFlares":true,"showImageEffects":true,"showParticleSystems":true},"in2DMode":false,"pivot":{"x":100.96299743652344,"y":2.366726875305176,"z":57.55657196044922},"rotation":{"x":0.005458821076899767,"y":-0.993208110332489,"z":0.05552170053124428,"w":0.10524710267782211},"size":384.3939208984375,"orthographic":false}