{"cameraMode":{"drawMode":0,"name":"Shaded","section":"Shading Mode"},"sceneLighting":true,"audioPlay":false,"sceneViewState":{"showFog":true,"showMaterialUpdate":false,"showSkybox":true,"showFlares":true,"showImageEffects":true,"showParticleSystems":true},"in2DMode":false,"pivot":{"x":196.02452087402345,"y":88.1195068359375,"z":600.747314453125},"rotation":{"x":0.025427909567952157,"y":-0.9288052320480347,"z":0.06603692471981049,"w":0.36463019251823428},"size":206.82012939453126,"orthographic":false}