{"cameraMode":{"drawMode":0,"name":"Shaded","section":"Shading Mode"},"sceneLighting":true,"audioPlay":false,"sceneViewState":{"showFog":true,"showMaterialUpdate":false,"showSkybox":true,"showFlares":true,"showImageEffects":true,"showParticleSystems":true},"in2DMode":false,"pivot":{"x":-2.0030407905578615,"y":-1.4433554410934449,"z":-17.00485610961914},"rotation":{"x":0.07315495610237122,"y":0.6464584469795227,"z":-0.062418460845947269,"w":0.7569456696510315},"size":15.732263565063477,"orthographic":false}