{"cameraMode":{"drawMode":0,"name":"Shaded","section":"Shading Mode"},"sceneLighting":true,"audioPlay":false,"sceneViewState":{"showFog":true,"showMaterialUpdate":false,"showSkybox":true,"showFlares":true,"showImageEffects":true,"showParticleSystems":true},"in2DMode":false,"pivot":{"x":-14.74200439453125,"y":-1.8605804443359376,"z":351.2295227050781},"rotation":{"x":-0.04054447263479233,"y":0.9468516707420349,"z":-0.13458068668842317,"w":-0.2898394465446472},"size":466.53887939453127,"orthographic":false}