{"cameraMode":{"drawMode":0,"name":"Shaded","section":"Shading Mode"},"sceneLighting":true,"audioPlay":false,"sceneViewState":{"showFog":true,"showMaterialUpdate":false,"showSkybox":true,"showFlares":true,"showImageEffects":true,"showParticleSystems":true},"in2DMode":false,"pivot":{"x":318.54754638671877,"y":151.35812377929688,"z":708.5376586914063},"rotation":{"x":0.05466306954622269,"y":-0.9025699496269226,"z":0.12107735872268677,"w":0.4102582633495331},"size":22.0,"orthographic":false}