{"cameraMode":{"drawMode":0,"name":"Shaded","section":"Shading Mode"},"sceneLighting":true,"audioPlay":false,"sceneViewState":{"showFog":true,"showMaterialUpdate":false,"showSkybox":true,"showFlares":true,"showImageEffects":true,"showParticleSystems":true},"in2DMode":false,"pivot":{"x":-9.216714859008789,"y":-1.0589333772659302,"z":-36.69376754760742},"rotation":{"x":0.0022785072214901449,"y":0.997981607913971,"z":-0.04373902454972267,"w":0.04789935424923897},"size":21.236547470092775,"orthographic":false}