{"cameraMode":{"drawMode":0,"name":"Shaded","section":"Shading Mode"},"sceneLighting":true,"audioPlay":false,"sceneViewState":{"showFog":true,"showMaterialUpdate":false,"showSkybox":true,"showFlares":true,"showImageEffects":true,"showParticleSystems":true},"in2DMode":false,"pivot":{"x":351.6346435546875,"y":238.79275512695313,"z":-503.6507568359375},"rotation":{"x":-0.05885259807109833,"y":0.22432172298431397,"z":-0.022644130513072015,"w":-0.9736930727958679},"size":28.351016998291017,"orthographic":false}