{"cameraMode":{"drawMode":0,"name":"Shaded","section":"Shading Mode"},"sceneLighting":true,"audioPlay":false,"sceneViewState":{"showFog":true,"showMaterialUpdate":false,"showSkybox":true,"showFlares":true,"showImageEffects":true,"showParticleSystems":true},"in2DMode":false,"pivot":{"x":-15.190337181091309,"y":1.0481953620910645,"z":-17.274593353271486},"rotation":{"x":-0.028248591348528863,"y":-0.6496520042419434,"z":-0.024180583655834199,"w":0.7593680024147034},"size":8.561010360717774,"orthographic":false}