{"cameraMode":{"drawMode":0,"name":"Shaded","section":"Shading Mode"},"sceneLighting":true,"audioPlay":false,"sceneViewState":{"showFog":true,"showMaterialUpdate":false,"showSkybox":true,"showFlares":true,"showImageEffects":true,"showParticleSystems":true},"in2DMode":false,"pivot":{"x":192.49046325683595,"y":20.452194213867189,"z":592.125244140625},"rotation":{"x":-0.01157128345221281,"y":0.8657833337783814,"z":-0.03979262337088585,"w":-0.5010153651237488},"size":93.74774169921875,"orthographic":false}