{"cameraMode":{"drawMode":0,"name":"Shaded","section":"Shading Mode"},"sceneLighting":true,"audioPlay":false,"sceneViewState":{"showFog":true,"showMaterialUpdate":false,"showSkybox":true,"showFlares":true,"showImageEffects":true,"showParticleSystems":true},"in2DMode":false,"pivot":{"x":-35.5860481262207,"y":5.221748352050781,"z":372.8327941894531},"rotation":{"x":-0.040699705481529239,"y":0.941254734992981,"z":-0.12518872320652009,"w":-0.3114551603794098},"size":466.53887939453127,"orthographic":false}