{"cameraMode":{"drawMode":0,"name":"Shaded","section":"Shading Mode"},"sceneLighting":true,"audioPlay":false,"sceneViewState":{"showFog":true,"showMaterialUpdate":false,"showSkybox":true,"showFlares":true,"showImageEffects":true,"showParticleSystems":true},"in2DMode":false,"pivot":{"x":-23.068660736083986,"y":2.469066619873047,"z":-18.682050704956056},"rotation":{"x":-0.0481049045920372,"y":-0.7544447183609009,"z":-0.05509454384446144,"w":0.6525307893753052},"size":16.55550765991211,"orthographic":false}