{"cameraMode":{"drawMode":0,"name":"Shaded","section":"Shading Mode"},"sceneLighting":true,"audioPlay":false,"sceneViewState":{"showFog":true,"showMaterialUpdate":false,"showSkybox":true,"showFlares":true,"showImageEffects":true,"showParticleSystems":true},"in2DMode":false,"pivot":{"x":-12.04966926574707,"y":-1.6196403503417969,"z":-9.603754997253418},"rotation":{"x":0.1247863620519638,"y":0.13680961728096009,"z":-0.017312638461589814,"w":0.9826288223266602},"size":15.732263565063477,"orthographic":false}