{"cameraMode":{"drawMode":0,"name":"Shaded","section":"Shading Mode"},"sceneLighting":true,"audioPlay":false,"sceneViewState":{"showFog":true,"showMaterialUpdate":false,"showSkybox":true,"showFlares":true,"showImageEffects":true,"showParticleSystems":true},"in2DMode":false,"pivot":{"x":320.65594482421877,"y":296.791259765625,"z":677.5443725585938},"rotation":{"x":0.028368940576910974,"y":0.09523817896842957,"z":-0.00024912957451306283,"w":-0.995764970779419},"size":1417.423828125,"orthographic":false}