{"cameraMode":{"drawMode":0,"name":"Shaded","section":"Shading Mode"},"sceneLighting":true,"audioPlay":false,"sceneViewState":{"showFog":true,"showMaterialUpdate":false,"showSkybox":true,"showFlares":true,"showImageEffects":true,"showParticleSystems":true},"in2DMode":false,"pivot":{"x":321.1883850097656,"y":319.22021484375,"z":529.0689086914063},"rotation":{"x":0.05846517160534859,"y":0.11308307945728302,"z":0.0061882962472736839,"w":-0.9922366738319397},"size":1288.720458984375,"orthographic":false}