{"cameraMode":{"drawMode":0,"name":"Shaded","section":"Shading Mode"},"sceneLighting":true,"audioPlay":false,"sceneViewState":{"showFog":true,"showMaterialUpdate":false,"showSkybox":true,"showFlares":true,"showImageEffects":true,"showParticleSystems":true},"in2DMode":false,"pivot":{"x":-599.9248046875,"y":-65.72222137451172,"z":-73.8128890991211},"rotation":{"x":-0.041284434497356418,"y":0.7505170106887817,"z":-0.04796748235821724,"w":-0.6582683324813843},"size":816.4845581054688,"orthographic":false}