{"cameraMode":{"drawMode":0,"name":"Shaded","section":"Shading Mode"},"sceneLighting":true,"audioPlay":false,"sceneViewState":{"showFog":true,"showMaterialUpdate":false,"showSkybox":true,"showFlares":true,"showImageEffects":true,"showParticleSystems":true},"in2DMode":false,"pivot":{"x":-9.43743896484375,"y":0.48120635747909548,"z":-4.897869110107422},"rotation":{"x":0.020998677238821985,"y":0.1778588593006134,"z":-0.003624212695285678,"w":0.9839220643043518},"size":21.236547470092775,"orthographic":false}