{"cameraMode":{"drawMode":0,"name":"Shaded","section":"Shading Mode"},"sceneLighting":true,"audioPlay":false,"sceneViewState":{"showFog":true,"showMaterialUpdate":false,"showSkybox":true,"showFlares":true,"showImageEffects":true,"showParticleSystems":true},"in2DMode":false,"pivot":{"x":475.6879577636719,"y":292.1776123046875,"z":640.0587768554688},"rotation":{"x":0.02710186317563057,"y":-0.10534188896417618,"z":-0.0033909587655216457,"w":-0.9944533109664917},"size":1288.720458984375,"orthographic":false}