{"cameraMode":{"drawMode":0,"name":"Shaded","section":"Shading Mode"},"sceneLighting":true,"audioPlay":false,"sceneViewState":{"showFog":true,"showMaterialUpdate":false,"showSkybox":true,"showFlares":true,"showImageEffects":true,"showParticleSystems":true},"in2DMode":false,"pivot":{"x":-104.88217163085938,"y":-36.350830078125,"z":276.7474365234375},"rotation":{"x":0.1484590470790863,"y":-0.7903122901916504,"z":0.21107642352581025,"w":0.5557831525802612},"size":731.8570556640625,"orthographic":false}